epoch,train_loss,train_hm_loss,train_size_loss,val_loss,val_hm_loss,val_size_loss,time_minutes
1,1.3313211,0.77143085,0.15051796,3.2776527,2.4905522,0.3086291,77.17
2,0.45432845,0.09031924,0.088721134,2.4468195,1.7175611,0.29935372,76.14
3,0.41344535,0.07204937,0.080660485,2.9401453,2.2474966,0.25937214,76.19
4,0.39031222,0.0629234,0.07590035,2.6308334,1.9973769,0.2587978,76.16
5,0.37291452,0.055978954,0.072665654,1.7141466,1.1473793,0.22531936,76.25
6,0.36126748,0.052111063,0.07014384,0.8681448,0.37223548,0.17850126,76.45
7,0.34898943,0.046803985,0.06804961,0.7047903,0.25976154,0.14808218,76.22
8,0.34095806,0.044537317,0.06682184,0.6172994,0.18914771,0.14151257,76.1
9,0.33717856,0.042547546,0.06696041,0.5959354,0.19871078,0.11895735,76.1
